{
  "time_elapsed": 15.042362213134766,
  "timestamp": "20200506_115150",
  "train": {
    "batch": {
      "loss": [
        2.353806257247925,
        14.886154174804688,
        20.4935302734375,
        11.18558406829834,
        10.501172065734863,
        7.511543273925781,
        8.49311351776123,
        7.702564239501953,
        6.870480060577393,
        5.741296291351318,
        4.386521339416504,
        3.470568895339966,
        3.279832124710083,
        3.36968994140625,
        3.523358106613159,
        3.6465516090393066,
        3.459829330444336,
        3.110948324203491,
        3.8183584213256836,
        2.05009388923645,
        2.258817195892334,
        2.372506618499756,
        2.550433397293091,
        2.0618550777435303,
        1.8128124475479126,
        1.7725909948349,
        2.1109328269958496,
        1.2273099422454834,
        1.6279560327529907,
        2.116520404815674,
        1.249258279800415,
        1.6334367990493774,
        1.8336272239685059,
        1.831447958946228,
        2.016237735748291,
        1.5604039430618286,
        1.2354788780212402,
        1.1450989246368408,
        1.8110440969467163,
        1.3404425382614136,
        1.4114702939987183,
        1.6391288042068481,
        1.1347423791885376,
        1.5548213720321655,
        1.049898386001587,
        1.2244898080825806,
        1.7666130065917969,
        1.4371367692947388,
        0.8897073864936829,
        1.297442078590393,
        1.2055307626724243,
        0.934495747089386,
        1.1959434747695923,
        0.8504949808120728,
        1.1059337854385376,
        0.8317274451255798,
        1.165236473083496,
        0.8122397065162659,
        1.138245701789856,
        0.8968504071235657,
        0.9799008965492249,
        0.7579168677330017,
        0.6964539289474487,
        0.6720189452171326,
        1.0463824272155762,
        0.9636033177375793,
        0.5988818407058716,
        0.7176021337509155,
        1.0743836164474487,
        0.4329489469528198,
        0.8910306692123413,
        0.8620249629020691,
        0.7354840636253357,
        0.523823082447052,
        0.5541581511497498,
        0.866411566734314,
        0.9103760123252869,
        0.7171196341514587,
        0.957561731338501,
        0.7101812958717346,
        0.6226712465286255,
        0.603600800037384,
        0.5953457951545715,
        0.7240290641784668,
        0.522515594959259,
        0.5538829565048218,
        0.5361891984939575,
        0.5252470970153809,
        0.4830300807952881,
        0.656497061252594,
        0.5914695858955383,
        0.6223349571228027,
        0.6063793897628784,
        0.6244674324989319,
        0.3998240530490875,
        0.5973662734031677,
        0.45073401927948,
        0.6216047406196594,
        0.519422173500061,
        0.5048618316650391,
        0.4031950831413269,
        0.5986802577972412,
        0.3905436396598816,
        0.4590950012207031,
        0.4871039092540741,
        0.6240711808204651,
        0.5524623394012451,
        0.5521000027656555,
        0.5292463302612305,
        0.44050225615501404,
        0.4960111677646637,
        0.44607308506965637,
        0.33506667613983154,
        0.3666797876358032,
        0.6050771474838257,
        0.44094398617744446,
        0.3355076014995575,
        0.3311064839363098,
        0.44746217131614685,
        0.48592039942741394,
        0.3081183433532715,
        0.39441144466400146,
        0.46271538734436035,
        0.4781235456466675,
        0.3760797381401062,
        0.41207578778266907,
        0.3873094320297241,
        0.3933625817298889,
        0.4252917468547821,
        0.5014921426773071,
        0.4714983403682709,
        0.33736270666122437,
        0.2903044819831848,
        0.43771547079086304,
        0.5460505485534668,
        0.5054092407226562,
        0.32646164298057556,
        0.45628270506858826,
        0.395591676235199,
        0.4567420780658722,
        0.3664497137069702,
        0.5203307867050171,
        0.46913930773735046,
        0.36830517649650574,
        0.367281049489975,
        0.4040692150592804,
        0.3584890365600586,
        0.38667818903923035,
        0.4686439633369446,
        0.3449689447879791,
        0.5036424398422241,
        0.38347792625427246,
        0.38292139768600464,
        0.4963812828063965,
        0.3730708062648773,
        0.4499954879283905,
        0.3672322630882263,
        0.41277992725372314,
        0.5001230835914612,
        0.5528504848480225,
        0.36206844449043274,
        0.4234466254711151,
        0.4582408368587494,
        0.3285001218318939,
        0.3351070284843445,
        0.42369019985198975,
        0.4935957193374634,
        0.5294176340103149,
        0.27993497252464294,
        0.38995832204818726,
        0.3255729377269745,
        0.3685274124145508,
        0.5098089575767517,
        0.42989808320999146,
        0.48018190264701843,
        0.40103232860565186,
        0.4961196184158325,
        0.4570348262786865,
        0.3741839528083801,
        0.29372045397758484,
        0.3132239282131195,
        0.4131276607513428,
        0.5432969331741333,
        0.44967716932296753,
        0.40177831053733826,
        0.4547117352485657,
        0.4282761216163635,
        0.446824848651886,
        0.30510902404785156,
        0.39787495136260986,
        0.40267226099967957,
        0.4042820930480957,
        0.3758154809474945,
        0.35077911615371704,
        0.3631196916103363,
        0.353716105222702,
        0.323529452085495,
        0.35571804642677307,
        0.3774806559085846,
        0.4920966625213623,
        0.31666243076324463,
        0.3503246009349823,
        0.32787060737609863,
        0.3450770080089569,
        0.4261839985847473,
        0.32419300079345703,
        0.390560120344162,
        0.4198453724384308,
        0.4336441159248352,
        0.4171869158744812,
        0.3403208255767822,
        0.4216849207878113,
        0.28331926465034485,
        0.4284224808216095,
        0.3816872537136078,
        0.2899136543273926,
        0.32704147696495056,
        0.3660263419151306,
        0.2698797881603241,
        0.4002758264541626,
        0.36179471015930176,
        0.384463906288147,
        0.4071573317050934,
        0.47229334712028503,
        0.32828304171562195,
        0.34298163652420044,
        0.28813087940216064,
        0.4623265266418457,
        0.34691286087036133,
        0.3307415843009949,
        0.39815056324005127,
        0.32075220346450806,
        0.3847602605819702,
        0.3195037841796875,
        0.4287835955619812,
        0.37785759568214417,
        0.327222615480423,
        0.4409743845462799,
        0.3466000556945801,
        0.30812543630599976
      ],