{
  "time_elapsed": 15.304909944534302,
  "timestamp": "20200506_114932",
  "train": {
    "batch": {
      "loss": [
        2.404499053955078,
        68.45211029052734,
        79.70022583007812,
        66.48067474365234,
        49.17536163330078,
        41.91322326660156,
        23.853424072265625,
        13.052535057067871,
        6.107825756072998,
        3.954584836959839,
        9.298544883728027,
        8.291516304016113,
        5.141060829162598,
        4.750753879547119,
        3.7660694122314453,
        4.643836975097656,
        2.9941771030426025,
        3.077788829803467,
        2.3841135501861572,
        2.890319347381592,
        3.558258533477783,
        2.909292221069336,
        2.6805460453033447,
        3.0182700157165527,
        3.2064380645751953,
        4.034079074859619,
        2.0884456634521484,
        2.8398289680480957,
        2.05975341796875,
        2.698080062866211,
        2.34382700920105,
        2.140641689300537,
        1.5760819911956787,
        2.9018657207489014,
        2.3054420948028564,
        1.5040111541748047,
        1.6062871217727661,
        2.0264365673065186,
        2.597604990005493,
        1.4903569221496582,
        1.0591984987258911,
        2.098121166229248,
        2.1486356258392334,
        1.837019920349121,
        2.0053868293762207,
        1.8552930355072021,
        0.42872002720832825,
        2.315021514892578,
        1.1403541564941406,
        1.9630672931671143,
        1.895349383354187,
        0.6026731133460999,
        0.9413070678710938,
        1.0026848316192627,
        1.4091418981552124,
        0.5554968118667603,
        1.2688632011413574,
        1.1754010915756226,
        1.392066240310669,
        1.0650205612182617,
        0.802371621131897,
        1.2699836492538452,
        1.5085937976837158,
        1.2015624046325684,
        0.8587986826896667,
        0.7018434405326843,
        0.9893404245376587,
        1.3520448207855225,
        0.3672969937324524,
        0.5952672362327576,
        1.0588250160217285,
        1.097633719444275,
        0.6817086935043335,
        0.9322944283485413,
        1.0563734769821167,
        0.5369817018508911,
        0.8309131860733032,
        0.358368843793869,
        0.219703808426857,
        0.6073846817016602,
        1.1153444051742554,
        0.7984146475791931,
        0.9968074560165405,
        0.5554187297821045,
        0.46996745467185974,
        0.784554660320282,
        0.44802597165107727,
        0.6780877113342285,
        0.4668368101119995,
        1.01261305809021,
        0.41453415155410767,
        0.45042237639427185,
        0.7417603731155396,
        0.444720059633255,
        0.873663067817688,
        1.4493328332901,
        0.866561770439148,
        0.5110554695129395,
        0.5117923021316528,
        0.27430954575538635,
        0.5686514973640442,
        0.45087021589279175,
        0.3945476710796356,
        0.29903852939605713,
        1.0156444311141968,
        0.39734894037246704,
        0.6534902453422546,
        0.23441553115844727,
        0.31380245089530945,
        0.4793347120285034,
        0.5021767616271973,
        0.2348102480173111,
        0.5911107659339905,
        0.5459766387939453,
        0.5368204712867737,
        0.22905179858207703,
        0.4442410469055176,
        0.5213449001312256,
        0.41606998443603516,
        0.2074219435453415,
        0.19984783232212067,
        0.35765886306762695,
        0.3730738162994385,
        0.271988183259964,
        0.4683036804199219,
        0.16703876852989197,
        0.31247541308403015,
        0.5107990503311157,
        0.25101786851882935,
        0.3855806291103363,
        0.29028069972991943,
        0.30018284916877747,
        0.2920791506767273,
        0.3790869414806366,
        0.5489800572395325,
        0.39032045006752014,
        0.2130035012960434,
        0.184233158826828,
        0.327995628118515,
        0.6555817127227783,
        0.27319321036338806,
        0.20654262602329254,
        0.27510756254196167,
        0.36476683616638184,
        0.24796032905578613,
        0.0881321132183075,
        0.3073321282863617,
        0.3321378827095032,
        0.10953012108802795,
        0.1792934685945511,
        0.18002472817897797,
        0.22082476317882538,
        0.341525673866272,
        0.3530243933200836,
        0.48487192392349243,
        0.14369940757751465,
        0.1923985481262207,
        0.19320864975452423,
        0.4238036572933197,
        0.14916884899139404,
        0.2730076313018799,
        0.2282208502292633,
        0.2991267442703247,
        0.12600381672382355,
        0.4312889575958252,
        0.44711583852767944,
        0.37556377053260803,
        0.45408740639686584,
        0.18560771644115448,
        0.2773168981075287,
        0.32079383730888367,
        0.1588904708623886,
        0.11309269070625305,
        0.3251807987689972,
        0.2053518295288086,
        0.19841937720775604,
        0.19452902674674988,
        0.17868508398532867,
        0.2707170248031616,
        0.2702593505382538,
        0.20840418338775635,
        0.38149282336235046,
        0.12913016974925995,
        0.2764444649219513,
        0.17681895196437836,
        0.36404019594192505,
        0.21981500089168549,
        0.23570936918258667,
        0.19863222539424896,
        0.33949747681617737,
        0.29215505719184875,
        0.3059578239917755,
        0.1824202835559845,
        0.16489997506141663,
        0.2462727278470993,
        0.057428572326898575,
        0.21882954239845276,
        0.20790931582450867,
        0.08865465968847275,
        0.3933974504470825,
        0.10886181890964508,
        0.24527572095394135,
        0.13560284674167633,
        0.21968752145767212,
        0.17713740468025208,
        0.2904782295227051,
        0.24678508937358856,
        0.16351105272769928,
        0.169501394033432,
        0.17619705200195312,
        0.19076231122016907,
        0.13459329307079315,
        0.22273707389831543,
        0.18389740586280823,
        0.2011520117521286,
        0.11515450477600098,
        0.19242587685585022,
        0.0969606414437294,
        0.226103276014328,
        0.11628759652376175,
        0.15946020185947418,
        0.10041091591119766,
        0.20657800137996674,
        0.19581913948059082,
        0.04241369664669037,
        0.10976872593164444,
        0.09819435328245163,
        0.06639575958251953,
        0.0895952358841896,
        0.1621420979499817,
        0.14682556688785553,
        0.15426874160766602,
        0.08973962813615799,
        0.18654212355613708,
        0.16431304812431335,
        0.10289681702852249,
        0.10971613228321075,
        0.09216612577438354,
        0.18439505994319916,
        0.13057275116443634
      ],