{
  "time_elapsed": 14.239798784255981,
  "timestamp": "20200506_114555",
  "train": {
    "batch": {
      "loss": [
        2.288194179534912,
        70.0780258178711,
        89.33748626708984,
        69.8721694946289,
        29.699180603027344,
        7.203965187072754,
        14.382225036621094,
        5.862576961517334,
        5.058643341064453,
        4.650567054748535,
        4.721426010131836,
        2.1550254821777344,
        2.5434701442718506,
        2.136094093322754,
        2.168282985687256,
        1.9667495489120483,
        1.8781601190567017,
        1.837994933128357,
        1.8461376428604126,
        1.8211185932159424,
        1.6409467458724976,
        1.6778051853179932,
        1.9592342376708984,
        2.3530280590057373,
        1.5606552362442017,
        1.6478404998779297,
        1.7384809255599976,
        1.652586817741394,
        1.8019566535949707,
        1.541804552078247,
        1.5253822803497314,
        1.4795385599136353,
        1.6860014200210571,
        1.4612411260604858,
        1.5691230297088623,
        1.5624901056289673,
        1.5792258977890015,
        1.4371824264526367,
        1.8609079122543335,
        1.6259403228759766,
        1.4103589057922363,
        1.4700556993484497,
        1.5401899814605713,
        1.5582640171051025,
        1.5433300733566284,
        1.6488020420074463,
        1.4404798746109009,
        1.1844069957733154,
        1.2743908166885376,
        1.3029842376708984,
        1.2140393257141113,
        1.6311582326889038,
        1.6578292846679688,
        1.2215008735656738,
        1.308075189590454,
        1.3766565322875977,
        1.3688054084777832,
        1.4407705068588257,
        1.2632163763046265,
        1.3402806520462036,
        1.3711507320404053,
        1.451938271522522,
        1.3597532510757446,
        1.2985438108444214,
        1.3208591938018799,
        1.4551762342453003,
        1.5983577966690063,
        1.3093249797821045,
        1.135542869567871,
        1.3578580617904663,
        1.1047439575195312,
        1.2292453050613403,
        1.2207551002502441,
        1.2386157512664795,
        1.0647773742675781,
        1.1059775352478027,
        1.1239995956420898,
        1.0917844772338867,
        1.318278431892395,
        1.0604369640350342,
        1.221488356590271,
        1.1240767240524292,
        1.2320750951766968,
        1.021856427192688,
        1.1174976825714111,
        1.3033655881881714,
        1.2890390157699585,
        1.1378310918807983,
        1.1574046611785889,
        1.1793065071105957,
        1.0890063047409058,
        0.9609506130218506,
        1.1557137966156006,
        1.017565131187439,
        1.137938141822815,
        1.013297200202942,
        1.0030311346054077,
        0.9801691174507141,
        1.1562857627868652,
        1.0044702291488647,
        1.0260018110275269,
        0.9813401103019714,
        0.9760432243347168,
        0.9321920275688171,
        0.820396900177002,
        0.9808050990104675,
        1.0195969343185425,
        1.0142967700958252,
        1.1739846467971802,
        1.2335350513458252,
        1.0303648710250854,
        1.0710039138793945,
        1.0551344156265259,
        0.9705575704574585,
        0.9887191653251648,
        1.0806208848953247,
        0.969191312789917,
        1.0729119777679443,
        1.0440765619277954,
        0.9257538914680481,
        0.8791421055793762,
        0.8789823651313782,
        0.9435701966285706,
        0.914090633392334,
        0.8188623785972595,
        0.8153824806213379,
        1.1234993934631348,
        0.9047091603279114,
        0.841581404209137,
        0.7927829623222351,
        0.9278674125671387,
        0.8593085408210754,
        0.7083266377449036,
        0.7570953369140625,
        1.0591322183609009,
        0.9092642068862915,
        0.8430530428886414,
        0.8880103826522827,
        0.7588567137718201,
        0.7336846590042114,
        1.0310455560684204,
        1.034857153892517,
        0.7611285448074341,
        0.8348973393440247,
        0.8162737488746643,
        0.8081825375556946,
        0.7676193118095398,
        0.7274578809738159,
        0.9096916317939758,
        0.8985499739646912,
        0.7780991196632385,
        0.816271185874939,
        0.886974573135376,
        0.8315414190292358,
        0.6892595291137695,
        0.8178623914718628,
        0.6577033400535583,
        0.7260572910308838,
        0.7256568670272827,
        0.6983935236930847,
        0.7784473299980164,
        0.8052963018417358,
        0.9936299920082092,
        0.770268976688385,
        0.6488938331604004,
        0.7738383412361145,
        0.7143783569335938,
        0.8237518072128296,
        0.7906592488288879,
        0.6950504779815674,
        0.6678739786148071,
        0.820418655872345,
        0.7993831038475037,
        0.6093704700469971,
        0.8286760449409485,
        0.67476487159729,
        0.7219709157943726,
        0.7091913223266602,
        0.7264861464500427,
        0.60503751039505,
        0.7486563920974731,
        0.6232227683067322,
        0.7302727103233337,
        0.6940284371376038,
        0.6436768770217896,
        0.6828837394714355,
        0.784817636013031,
        0.8706023693084717,
        0.706262469291687,
        0.8085900545120239,
        0.7240210771560669,
        0.7721889615058899,
        0.578116238117218,
        0.6562647223472595,
        0.6486542820930481,
        0.7945299744606018,
        0.6227148175239563,
        0.8295348882675171,
        0.6530535221099854,
        0.6691701412200928,
        0.7931100130081177,
        0.6374779939651489,
        0.6420567631721497,
        0.7252757549285889,
        0.8030858039855957,
        0.7163287401199341,
        0.6027948260307312,
        0.7497304677963257,
        0.6931071877479553,
        0.7741103172302246,
        0.6827431917190552,
        0.7135617733001709,
        0.612402617931366,
        0.7645131945610046,
        0.7561907172203064,
        0.8273800611495972,
        0.7842943072319031,
        0.6958934664726257,
        0.9112198948860168,
        0.645788848400116,
        0.5982107520103455,
        0.6021860837936401,
        0.7406750917434692,
        0.7264934182167053,
        0.6381259560585022,
        0.6506920456886292,
        0.7385531663894653,
        0.5657265782356262,
        0.6437769532203674,
        1.015439510345459,
        0.6091902256011963,
        0.756177544593811,
        0.7460957169532776,
        0.7646056413650513,
        0.554275631904602,
        0.6758637428283691,
        0.9320667386054993,
        0.6185052394866943,
        0.5735921859741211,
        0.5676908493041992
      ],