{
  "time_elapsed": 16.352241039276123,
  "timestamp": "20200506_114754",
  "train": {
    "batch": {
      "loss": [
        2.297307014465332,
        78.59915161132812,
        196.90293884277344,
        71.1304702758789,
        50.20058059692383,
        29.617748260498047,
        12.898015022277832,
        5.853152275085449,
        4.979341983795166,
        2.9304604530334473,
        3.649495840072632,
        3.063714027404785,
        2.0513319969177246,
        1.9900234937667847,
        2.3296942710876465,
        1.9146403074264526,
        1.8983944654464722,
        2.7146763801574707,
        2.077514171600342,
        1.942228078842163,
        1.7365635633468628,
        2.276796340942383,
        1.9636949300765991,
        1.9025112390518188,
        1.7937791347503662,
        1.8400871753692627,
        1.664943814277649,
        1.8656604290008545,
        1.6131541728973389,
        1.7042912244796753,
        1.6119745969772339,
        1.4645557403564453,
        1.6347458362579346,
        1.3800245523452759,
        2.0474467277526855,
        1.3656045198440552,
        1.8460755348205566,
        1.5318827629089355,
        1.350777506828308,
        1.2227028608322144,
        1.3696696758270264,
        1.4458775520324707,
        1.1931291818618774,
        1.220366358757019,
        1.3290457725524902,
        1.3384668827056885,
        1.3736776113510132,
        1.2470121383666992,
        1.3687067031860352,
        1.173552393913269,
        1.1912070512771606,
        1.3043718338012695,
        1.2701945304870605,
        1.2918269634246826,
        1.4230570793151855,
        1.2550382614135742,
        1.2014466524124146,
        1.3872737884521484,
        1.3132963180541992,
        1.263135552406311,
        1.1868828535079956,
        1.1110553741455078,
        1.2221438884735107,
        1.0967317819595337,
        1.4551777839660645,
        1.2065740823745728,
        1.0946614742279053,
        1.3779242038726807,
        1.2728564739227295,
        1.078944206237793,
        1.1865311861038208,
        1.1672126054763794,
        1.0695816278457642,
        1.1409205198287964,
        1.152886986732483,
        1.2270519733428955,
        1.1418540477752686,
        1.0451061725616455,
        1.0778318643569946,
        1.2412878274917603,
        1.193617820739746,
        1.084281325340271,
        1.093256950378418,
        0.9925950169563293,
        1.2192447185516357,
        1.1010804176330566,
        1.0253907442092896,
        1.0866299867630005,
        1.078710913658142,
        0.9599058032035828,
        1.1279734373092651,
        1.1244378089904785,
        0.9209321737289429,
        1.0501117706298828,
        1.016539216041565,
        0.9768914580345154,
        1.008644700050354,
        1.079321265220642,
        1.0474021434783936,
        1.040490746498108,
        0.9978891015052795,
        1.016594648361206,
        0.8878305554389954,
        0.9931386709213257,
        1.0683339834213257,
        0.9576018452644348,
        0.9085131883621216,
        1.043082356452942,
        0.8424912095069885,
        0.9544686675071716,
        0.9157277941703796,
        0.9073768854141235,
        1.036834716796875,
        1.0011160373687744,
        0.9244968295097351,
        0.9839841723442078,
        0.9739266633987427,
        0.9706738591194153,
        0.8838339447975159,
        0.8678226470947266,
        1.0591987371444702,
        0.9209630489349365,
        0.8700277209281921,
        0.9180465340614319,
        0.9402551054954529,
        0.9395369291305542,
        0.9554181098937988,
        0.7935078144073486,
        0.9922382235527039,
        0.9458827972412109,
        0.8358196020126343,
        0.9354817867279053,
        0.9258311986923218,
        0.7591757774353027,
        0.8170162439346313,
        0.8434327244758606,
        0.8126356601715088,
        0.846903383731842,
        0.7938225865364075,
        0.8570129871368408,
        0.9161705374717712,
        0.8509439826011658,
        0.9901305437088013,
        0.8652673363685608,
        0.8477597236633301,
        0.9086630344390869,
        0.8542167544364929,
        0.9526622295379639,
        0.8755242824554443,
        0.7232500910758972,
        0.8314180970191956,
        0.7302151322364807,
        0.8015391826629639,
        0.8578039407730103,
        0.875399649143219,
        0.8281549215316772,
        0.7452451586723328,
        0.7621631026268005,
        0.8805812001228333,
        0.9136412143707275,
        0.8581681251525879,
        0.7995901703834534,
        0.7331459522247314,
        0.7834057211875916,
        0.8237340450286865,
        0.757653534412384,
        0.9389896392822266,
        0.8231887221336365,
        0.8418788313865662,
        0.7408679127693176,
        0.9094223976135254,
        0.7259191274642944,
        0.874157190322876,
        0.8869457244873047,
        0.7319737076759338,
        0.79557204246521,
        0.7870627641677856,
        0.8718603253364563,
        0.7687182426452637,
        0.7284575700759888,
        0.8509067296981812,
        0.8944823145866394,
        0.8580716252326965,
        0.8689591884613037,
        0.7250993847846985,
        0.7680760622024536,
        0.786970853805542,
        0.93193519115448,
        0.7107447981834412,
        0.7597801685333252,
        0.8893665671348572,
        0.8077508807182312,
        0.7287877202033997,
        0.778712272644043,
        0.8214056491851807,
        0.7281168103218079,
        0.9168352484703064,
        0.7622129917144775,
        0.7411291003227234,
        0.78047114610672,
        0.8274756669998169,
        0.7394945025444031,
        0.7203213572502136,
        0.7611059546470642,
        0.7856366038322449,
        0.7877933382987976,
        0.7717904448509216,
        0.66676265001297,
        0.8653983473777771,
        0.7685372233390808,
        0.7532517313957214,
        0.656531810760498,
        0.7584530115127563,
        0.6939467787742615,
        0.6841504573822021,
        0.7493976354598999,
        0.7467620372772217,
        0.5888175368309021,
        0.8106755614280701,
        0.7850403189659119,
        0.7484409809112549,
        0.6821797490119934,
        0.7145630121231079,
        0.8145051598548889,
        0.6280962824821472,
        0.7406131029129028,
        0.8059433102607727,
        0.720329761505127,
        0.7210391163825989,
        0.679283618927002,
        0.6130943894386292,
        0.662749707698822,
        0.7332702875137329,
        0.828741729259491,
        0.7324433326721191,
        0.6828914284706116,
        0.6928400993347168,
        0.6397215127944946,
        0.6021928787231445,
        0.6561614871025085
      ],