{
  "time_elapsed": 13.42049503326416,
  "timestamp": "20200506_115123",
  "train": {
    "batch": {
      "loss": [
        2.3712100982666016,
        60.60905838012695,
        74.91609954833984,
        60.15486145019531,
        24.907320022583008,
        16.526426315307617,
        10.551911354064941,
        8.648120880126953,
        5.793385028839111,
        6.315800189971924,
        5.357966899871826,
        3.8843908309936523,
        4.694760322570801,
        4.435595512390137,
        3.808903694152832,
        6.0254974365234375,
        3.7329447269439697,
        4.073911190032959,
        4.447310447692871,
        3.2517759799957275,
        2.770358085632324,
        3.328336477279663,
        3.287116765975952,
        3.3713576793670654,
        3.1574490070343018,
        3.092869520187378,
        1.653006672859192,
        2.0076801776885986,
        2.190140724182129,
        1.853147029876709,
        1.792024850845337,
        2.518317699432373,
        1.7804797887802124,
        1.6405109167099,
        1.5982463359832764,
        1.5275505781173706,
        1.7026565074920654,
        1.4576836824417114,
        1.79719078540802,
        1.877543330192566,
        1.6001367568969727,
        1.5752382278442383,
        1.4916801452636719,
        2.01570463180542,
        1.4445117712020874,
        2.4945149421691895,
        2.232097625732422,
        1.5051652193069458,
        1.1177886724472046,
        0.9953538179397583,
        1.2498817443847656,
        0.8237890005111694,
        1.456886649131775,
        1.4186623096466064,
        1.2278417348861694,
        0.7680739760398865,
        1.1101659536361694,
        1.1563962697982788,
        0.8708591461181641,
        1.0130209922790527,
        0.9840797781944275,
        0.7612602710723877,
        1.2183053493499756,
        1.2062995433807373,
        0.80345618724823,
        0.7564542889595032,
        1.0180565118789673,
        1.0840238332748413,
        0.9315564036369324,
        0.9493728280067444,
        0.675737202167511,
        1.0539367198944092,
        0.7438421845436096,
        0.7629827857017517,
        0.7146695852279663,
        0.48173680901527405,
        0.4688569903373718,
        0.5332234501838684,
        0.7403445839881897,
        0.8347148895263672,
        0.472748339176178,
        0.5573697090148926,
        0.5502562522888184,
        0.4328802824020386,
        0.6152026653289795,
        0.3983191251754761,
        0.47607481479644775,
        0.5824398994445801,
        0.614142119884491,
        0.6430556178092957,
        0.5451380610466003,
        0.671542227268219,
        0.6683261394500732,
        0.5480401515960693,
        0.5059762597084045,
        0.5475186705589294,
        0.4891469478607178,
        0.7346482276916504,
        0.43354472517967224,
        0.3528992235660553,
        0.5471756458282471,
        0.4955425262451172,
        0.4449302554130554,
        0.49002605676651,
        0.41534894704818726,
        0.5636325478553772,
        0.3969656527042389,
        0.468608558177948,
        0.4468844532966614,
        0.44358909130096436,
        0.5430387854576111,
        0.4089670479297638,
        0.3989716172218323,
        0.5907996296882629,
        0.5517290234565735,
        0.4697513282299042,
        0.43149083852767944,
        0.3841703534126282,
        0.5442782044410706,
        0.2938839793205261,
        0.47781094908714294,
        0.5258609652519226,
        0.3806578516960144,
        0.38531556725502014,
        0.5778757929801941,
        0.4189467430114746,
        0.4017381966114044,
        0.42683276534080505,
        0.5075408220291138,
        0.3303218185901642,
        0.3352451026439667,
        0.3628109097480774,
        0.34693437814712524,
        0.46254244446754456,
        0.2929019629955292,
        0.36191466450691223,
        0.3650149703025818,
        0.32544195652008057,
        0.5091191530227661,
        0.5314865708351135,
        0.48012104630470276,
        0.42101845145225525,
        0.4960674047470093,
        0.45412394404411316,
        0.4177709221839905,
        0.5446581840515137,
        0.33402690291404724,
        0.4346916377544403,
        0.29554158449172974,
        0.5077246427536011,
        0.3476400673389435,
        0.38657882809638977,
        0.29319751262664795,
        0.39068201184272766,
        0.3818785846233368,
        0.48839759826660156,
        0.41045045852661133,
        0.4396788477897644,
        0.2883450388908386,
        0.5228762030601501,
        0.4588387608528137,
        0.2828502655029297,
        0.3124907314777374,
        0.5859304666519165,
        0.4434872269630432,
        0.4051176905632019,
        0.5699906945228577,
        0.35459795594215393,
        0.3747563064098358,
        0.3437312841415405,
        0.4565578103065491,
        0.36784422397613525,
        0.3635156750679016,
        0.33133694529533386,
        0.3020251393318176,
        0.3938503563404083,
        0.4199415445327759,
        0.3618042767047882,
        0.5101461410522461,
        0.4107232093811035,
        0.40305933356285095,
        0.31408438086509705,
        0.39126428961753845,
        0.3818186819553375,
        0.35045772790908813,
        0.24779284000396729,
        0.3541010916233063,
        0.4142359793186188,
        0.348999947309494,
        0.38076403737068176,
        0.4570586085319519,
        0.3917466998100281,
        0.39803996682167053,
        0.36732637882232666,
        0.3511718511581421,
        0.34824249148368835,
        0.3449740707874298,
        0.32166099548339844,
        0.41409456729888916,
        0.3941354751586914,
        0.40023136138916016,
        0.44714415073394775,
        0.3380787968635559,
        0.3189028203487396,
        0.3046606481075287,
        0.3547811210155487,
        0.3885696828365326,
        0.34047356247901917,
        0.3681403398513794,
        0.2019498646259308,
        0.3425125181674957,
        0.30762356519699097,
        0.3140295147895813,
        0.2962184548377991,
        0.30216655135154724,
        0.2760506272315979,
        0.35544437170028687,
        0.35151052474975586,
        0.34081903100013733,
        0.26448312401771545,
        0.3444308042526245,
        0.40062281489372253,
        0.3400007486343384,
        0.2588757872581482,
        0.31739529967308044,
        0.3802991509437561,
        0.373879075050354,
        0.39041516184806824,
        0.30431193113327026,
        0.37320172786712646,
        0.3209083378314972,
        0.3353503346443176,
        0.37304428219795227,
        0.24642089009284973,
        0.3518959879875183,
        0.3666703701019287,
        0.33356061577796936,
        0.379143089056015,
        0.3509195148944855,
        0.6005614995956421
      ],